name,type,direction,description
feat_000,float,,Monroe stereochemistry-aware graph-transformer embedding dimension 0
feat_001,float,,Monroe stereochemistry-aware graph-transformer embedding dimension 1
feat_002,float,,Monroe stereochemistry-aware graph-transformer embedding dimension 2
feat_003,float,,Monroe stereochemistry-aware graph-transformer embedding dimension 3
feat_004,float,,Monroe stereochemistry-aware graph-transformer embedding dimension 4
feat_005,float,,Monroe stereochemistry-aware graph-transformer embedding dimension 5
feat_006,float,,Monroe stereochemistry-aware graph-transformer embedding dimension 6
feat_007,float,,Monroe stereochemistry-aware graph-transformer embedding dimension 7
feat_008,float,,Monroe stereochemistry-aware graph-transformer embedding dimension 8
feat_009,float,,Monroe stereochemistry-aware graph-transformer embedding dimension 9
feat_010,float,,Monroe stereochemistry-aware graph-transformer embedding dimension 10
feat_011,float,,Monroe stereochemistry-aware graph-transformer embedding dimension 11
feat_012,float,,Monroe stereochemistry-aware graph-transformer embedding dimension 12
feat_013,float,,Monroe stereochemistry-aware graph-transformer embedding dimension 13
feat_014,float,,Monroe stereochemistry-aware graph-transformer embedding dimension 14
feat_015,float,,Monroe stereochemistry-aware graph-transformer embedding dimension 15
feat_016,float,,Monroe stereochemistry-aware graph-transformer embedding dimension 16
feat_017,float,,Monroe stereochemistry-aware graph-transformer embedding dimension 17
feat_018,float,,Monroe stereochemistry-aware graph-transformer embedding dimension 18
feat_019,float,,Monroe stereochemistry-aware graph-transformer embedding dimension 19
feat_020,float,,Monroe stereochemistry-aware graph-transformer embedding dimension 20
feat_021,float,,Monroe stereochemistry-aware graph-transformer embedding dimension 21
feat_022,float,,Monroe stereochemistry-aware graph-transformer embedding dimension 22
feat_023,float,,Monroe stereochemistry-aware graph-transformer embedding dimension 23
feat_024,float,,Monroe stereochemistry-aware graph-transformer embedding dimension 24
feat_025,float,,Monroe stereochemistry-aware graph-transformer embedding dimension 25
feat_026,float,,Monroe stereochemistry-aware graph-transformer embedding dimension 26
feat_027,float,,Monroe stereochemistry-aware graph-transformer embedding dimension 27
feat_028,float,,Monroe stereochemistry-aware graph-transformer embedding dimension 28
feat_029,float,,Monroe stereochemistry-aware graph-transformer embedding dimension 29
feat_030,float,,Monroe stereochemistry-aware graph-transformer embedding dimension 30
feat_031,float,,Monroe stereochemistry-aware graph-transformer embedding dimension 31
feat_032,float,,Monroe stereochemistry-aware graph-transformer embedding dimension 32
feat_033,float,,Monroe stereochemistry-aware graph-transformer embedding dimension 33
feat_034,float,,Monroe stereochemistry-aware graph-transformer embedding dimension 34
feat_035,float,,Monroe stereochemistry-aware graph-transformer embedding dimension 35
feat_036,float,,Monroe stereochemistry-aware graph-transformer embedding dimension 36
feat_037,float,,Monroe stereochemistry-aware graph-transformer embedding dimension 37
feat_038,float,,Monroe stereochemistry-aware graph-transformer embedding dimension 38
feat_039,float,,Monroe stereochemistry-aware graph-transformer embedding dimension 39
feat_040,float,,Monroe stereochemistry-aware graph-transformer embedding dimension 40
feat_041,float,,Monroe stereochemistry-aware graph-transformer embedding dimension 41
feat_042,float,,Monroe stereochemistry-aware graph-transformer embedding dimension 42
feat_043,float,,Monroe stereochemistry-aware graph-transformer embedding dimension 43
feat_044,float,,Monroe stereochemistry-aware graph-transformer embedding dimension 44
feat_045,float,,Monroe stereochemistry-aware graph-transformer embedding dimension 45
feat_046,float,,Monroe stereochemistry-aware graph-transformer embedding dimension 46
feat_047,float,,Monroe stereochemistry-aware graph-transformer embedding dimension 47
feat_048,float,,Monroe stereochemistry-aware graph-transformer embedding dimension 48
feat_049,float,,Monroe stereochemistry-aware graph-transformer embedding dimension 49
feat_050,float,,Monroe stereochemistry-aware graph-transformer embedding dimension 50
feat_051,float,,Monroe stereochemistry-aware graph-transformer embedding dimension 51
feat_052,float,,Monroe stereochemistry-aware graph-transformer embedding dimension 52
feat_053,float,,Monroe stereochemistry-aware graph-transformer embedding dimension 53
feat_054,float,,Monroe stereochemistry-aware graph-transformer embedding dimension 54
feat_055,float,,Monroe stereochemistry-aware graph-transformer embedding dimension 55
feat_056,float,,Monroe stereochemistry-aware graph-transformer embedding dimension 56
feat_057,float,,Monroe stereochemistry-aware graph-transformer embedding dimension 57
feat_058,float,,Monroe stereochemistry-aware graph-transformer embedding dimension 58
feat_059,float,,Monroe stereochemistry-aware graph-transformer embedding dimension 59
feat_060,float,,Monroe stereochemistry-aware graph-transformer embedding dimension 60
feat_061,float,,Monroe stereochemistry-aware graph-transformer embedding dimension 61
feat_062,float,,Monroe stereochemistry-aware graph-transformer embedding dimension 62
feat_063,float,,Monroe stereochemistry-aware graph-transformer embedding dimension 63
feat_064,float,,Monroe stereochemistry-aware graph-transformer embedding dimension 64
feat_065,float,,Monroe stereochemistry-aware graph-transformer embedding dimension 65
feat_066,float,,Monroe stereochemistry-aware graph-transformer embedding dimension 66
feat_067,float,,Monroe stereochemistry-aware graph-transformer embedding dimension 67
feat_068,float,,Monroe stereochemistry-aware graph-transformer embedding dimension 68
feat_069,float,,Monroe stereochemistry-aware graph-transformer embedding dimension 69
feat_070,float,,Monroe stereochemistry-aware graph-transformer embedding dimension 70
feat_071,float,,Monroe stereochemistry-aware graph-transformer embedding dimension 71
feat_072,float,,Monroe stereochemistry-aware graph-transformer embedding dimension 72
feat_073,float,,Monroe stereochemistry-aware graph-transformer embedding dimension 73
feat_074,float,,Monroe stereochemistry-aware graph-transformer embedding dimension 74
feat_075,float,,Monroe stereochemistry-aware graph-transformer embedding dimension 75
feat_076,float,,Monroe stereochemistry-aware graph-transformer embedding dimension 76
feat_077,float,,Monroe stereochemistry-aware graph-transformer embedding dimension 77
feat_078,float,,Monroe stereochemistry-aware graph-transformer embedding dimension 78
feat_079,float,,Monroe stereochemistry-aware graph-transformer embedding dimension 79
feat_080,float,,Monroe stereochemistry-aware graph-transformer embedding dimension 80
feat_081,float,,Monroe stereochemistry-aware graph-transformer embedding dimension 81
feat_082,float,,Monroe stereochemistry-aware graph-transformer embedding dimension 82
feat_083,float,,Monroe stereochemistry-aware graph-transformer embedding dimension 83
feat_084,float,,Monroe stereochemistry-aware graph-transformer embedding dimension 84
feat_085,float,,Monroe stereochemistry-aware graph-transformer embedding dimension 85
feat_086,float,,Monroe stereochemistry-aware graph-transformer embedding dimension 86
feat_087,float,,Monroe stereochemistry-aware graph-transformer embedding dimension 87
feat_088,float,,Monroe stereochemistry-aware graph-transformer embedding dimension 88
feat_089,float,,Monroe stereochemistry-aware graph-transformer embedding dimension 89
feat_090,float,,Monroe stereochemistry-aware graph-transformer embedding dimension 90
feat_091,float,,Monroe stereochemistry-aware graph-transformer embedding dimension 91
feat_092,float,,Monroe stereochemistry-aware graph-transformer embedding dimension 92
feat_093,float,,Monroe stereochemistry-aware graph-transformer embedding dimension 93
feat_094,float,,Monroe stereochemistry-aware graph-transformer embedding dimension 94
feat_095,float,,Monroe stereochemistry-aware graph-transformer embedding dimension 95
feat_096,float,,Monroe stereochemistry-aware graph-transformer embedding dimension 96
feat_097,float,,Monroe stereochemistry-aware graph-transformer embedding dimension 97
feat_098,float,,Monroe stereochemistry-aware graph-transformer embedding dimension 98
feat_099,float,,Monroe stereochemistry-aware graph-transformer embedding dimension 99
feat_100,float,,Monroe stereochemistry-aware graph-transformer embedding dimension 100
feat_101,float,,Monroe stereochemistry-aware graph-transformer embedding dimension 101
feat_102,float,,Monroe stereochemistry-aware graph-transformer embedding dimension 102
feat_103,float,,Monroe stereochemistry-aware graph-transformer embedding dimension 103
feat_104,float,,Monroe stereochemistry-aware graph-transformer embedding dimension 104
feat_105,float,,Monroe stereochemistry-aware graph-transformer embedding dimension 105
feat_106,float,,Monroe stereochemistry-aware graph-transformer embedding dimension 106
feat_107,float,,Monroe stereochemistry-aware graph-transformer embedding dimension 107
feat_108,float,,Monroe stereochemistry-aware graph-transformer embedding dimension 108
feat_109,float,,Monroe stereochemistry-aware graph-transformer embedding dimension 109
feat_110,float,,Monroe stereochemistry-aware graph-transformer embedding dimension 110
feat_111,float,,Monroe stereochemistry-aware graph-transformer embedding dimension 111
feat_112,float,,Monroe stereochemistry-aware graph-transformer embedding dimension 112
feat_113,float,,Monroe stereochemistry-aware graph-transformer embedding dimension 113
feat_114,float,,Monroe stereochemistry-aware graph-transformer embedding dimension 114
feat_115,float,,Monroe stereochemistry-aware graph-transformer embedding dimension 115
feat_116,float,,Monroe stereochemistry-aware graph-transformer embedding dimension 116
feat_117,float,,Monroe stereochemistry-aware graph-transformer embedding dimension 117
feat_118,float,,Monroe stereochemistry-aware graph-transformer embedding dimension 118
feat_119,float,,Monroe stereochemistry-aware graph-transformer embedding dimension 119
feat_120,float,,Monroe stereochemistry-aware graph-transformer embedding dimension 120
feat_121,float,,Monroe stereochemistry-aware graph-transformer embedding dimension 121
feat_122,float,,Monroe stereochemistry-aware graph-transformer embedding dimension 122
feat_123,float,,Monroe stereochemistry-aware graph-transformer embedding dimension 123
feat_124,float,,Monroe stereochemistry-aware graph-transformer embedding dimension 124
feat_125,float,,Monroe stereochemistry-aware graph-transformer embedding dimension 125
feat_126,float,,Monroe stereochemistry-aware graph-transformer embedding dimension 126
feat_127,float,,Monroe stereochemistry-aware graph-transformer embedding dimension 127
feat_128,float,,Monroe stereochemistry-aware graph-transformer embedding dimension 128
feat_129,float,,Monroe stereochemistry-aware graph-transformer embedding dimension 129
feat_130,float,,Monroe stereochemistry-aware graph-transformer embedding dimension 130
feat_131,float,,Monroe stereochemistry-aware graph-transformer embedding dimension 131
feat_132,float,,Monroe stereochemistry-aware graph-transformer embedding dimension 132
feat_133,float,,Monroe stereochemistry-aware graph-transformer embedding dimension 133
feat_134,float,,Monroe stereochemistry-aware graph-transformer embedding dimension 134
feat_135,float,,Monroe stereochemistry-aware graph-transformer embedding dimension 135
feat_136,float,,Monroe stereochemistry-aware graph-transformer embedding dimension 136
feat_137,float,,Monroe stereochemistry-aware graph-transformer embedding dimension 137
feat_138,float,,Monroe stereochemistry-aware graph-transformer embedding dimension 138
feat_139,float,,Monroe stereochemistry-aware graph-transformer embedding dimension 139
feat_140,float,,Monroe stereochemistry-aware graph-transformer embedding dimension 140
feat_141,float,,Monroe stereochemistry-aware graph-transformer embedding dimension 141
feat_142,float,,Monroe stereochemistry-aware graph-transformer embedding dimension 142
feat_143,float,,Monroe stereochemistry-aware graph-transformer embedding dimension 143
feat_144,float,,Monroe stereochemistry-aware graph-transformer embedding dimension 144
feat_145,float,,Monroe stereochemistry-aware graph-transformer embedding dimension 145
feat_146,float,,Monroe stereochemistry-aware graph-transformer embedding dimension 146
feat_147,float,,Monroe stereochemistry-aware graph-transformer embedding dimension 147
feat_148,float,,Monroe stereochemistry-aware graph-transformer embedding dimension 148
feat_149,float,,Monroe stereochemistry-aware graph-transformer embedding dimension 149
feat_150,float,,Monroe stereochemistry-aware graph-transformer embedding dimension 150
feat_151,float,,Monroe stereochemistry-aware graph-transformer embedding dimension 151
feat_152,float,,Monroe stereochemistry-aware graph-transformer embedding dimension 152
feat_153,float,,Monroe stereochemistry-aware graph-transformer embedding dimension 153
feat_154,float,,Monroe stereochemistry-aware graph-transformer embedding dimension 154
feat_155,float,,Monroe stereochemistry-aware graph-transformer embedding dimension 155
feat_156,float,,Monroe stereochemistry-aware graph-transformer embedding dimension 156
feat_157,float,,Monroe stereochemistry-aware graph-transformer embedding dimension 157
feat_158,float,,Monroe stereochemistry-aware graph-transformer embedding dimension 158
feat_159,float,,Monroe stereochemistry-aware graph-transformer embedding dimension 159
feat_160,float,,Monroe stereochemistry-aware graph-transformer embedding dimension 160
feat_161,float,,Monroe stereochemistry-aware graph-transformer embedding dimension 161
feat_162,float,,Monroe stereochemistry-aware graph-transformer embedding dimension 162
feat_163,float,,Monroe stereochemistry-aware graph-transformer embedding dimension 163
feat_164,float,,Monroe stereochemistry-aware graph-transformer embedding dimension 164
feat_165,float,,Monroe stereochemistry-aware graph-transformer embedding dimension 165
feat_166,float,,Monroe stereochemistry-aware graph-transformer embedding dimension 166
feat_167,float,,Monroe stereochemistry-aware graph-transformer embedding dimension 167
feat_168,float,,Monroe stereochemistry-aware graph-transformer embedding dimension 168
feat_169,float,,Monroe stereochemistry-aware graph-transformer embedding dimension 169
feat_170,float,,Monroe stereochemistry-aware graph-transformer embedding dimension 170
feat_171,float,,Monroe stereochemistry-aware graph-transformer embedding dimension 171
feat_172,float,,Monroe stereochemistry-aware graph-transformer embedding dimension 172
feat_173,float,,Monroe stereochemistry-aware graph-transformer embedding dimension 173
feat_174,float,,Monroe stereochemistry-aware graph-transformer embedding dimension 174
feat_175,float,,Monroe stereochemistry-aware graph-transformer embedding dimension 175
feat_176,float,,Monroe stereochemistry-aware graph-transformer embedding dimension 176
feat_177,float,,Monroe stereochemistry-aware graph-transformer embedding dimension 177
feat_178,float,,Monroe stereochemistry-aware graph-transformer embedding dimension 178
feat_179,float,,Monroe stereochemistry-aware graph-transformer embedding dimension 179
feat_180,float,,Monroe stereochemistry-aware graph-transformer embedding dimension 180
feat_181,float,,Monroe stereochemistry-aware graph-transformer embedding dimension 181
feat_182,float,,Monroe stereochemistry-aware graph-transformer embedding dimension 182
feat_183,float,,Monroe stereochemistry-aware graph-transformer embedding dimension 183
feat_184,float,,Monroe stereochemistry-aware graph-transformer embedding dimension 184
feat_185,float,,Monroe stereochemistry-aware graph-transformer embedding dimension 185
feat_186,float,,Monroe stereochemistry-aware graph-transformer embedding dimension 186
feat_187,float,,Monroe stereochemistry-aware graph-transformer embedding dimension 187
feat_188,float,,Monroe stereochemistry-aware graph-transformer embedding dimension 188
feat_189,float,,Monroe stereochemistry-aware graph-transformer embedding dimension 189
feat_190,float,,Monroe stereochemistry-aware graph-transformer embedding dimension 190
feat_191,float,,Monroe stereochemistry-aware graph-transformer embedding dimension 191
feat_192,float,,Monroe stereochemistry-aware graph-transformer embedding dimension 192
feat_193,float,,Monroe stereochemistry-aware graph-transformer embedding dimension 193
feat_194,float,,Monroe stereochemistry-aware graph-transformer embedding dimension 194
feat_195,float,,Monroe stereochemistry-aware graph-transformer embedding dimension 195
feat_196,float,,Monroe stereochemistry-aware graph-transformer embedding dimension 196
feat_197,float,,Monroe stereochemistry-aware graph-transformer embedding dimension 197
feat_198,float,,Monroe stereochemistry-aware graph-transformer embedding dimension 198
feat_199,float,,Monroe stereochemistry-aware graph-transformer embedding dimension 199
feat_200,float,,Monroe stereochemistry-aware graph-transformer embedding dimension 200
feat_201,float,,Monroe stereochemistry-aware graph-transformer embedding dimension 201
feat_202,float,,Monroe stereochemistry-aware graph-transformer embedding dimension 202
feat_203,float,,Monroe stereochemistry-aware graph-transformer embedding dimension 203
feat_204,float,,Monroe stereochemistry-aware graph-transformer embedding dimension 204
feat_205,float,,Monroe stereochemistry-aware graph-transformer embedding dimension 205
feat_206,float,,Monroe stereochemistry-aware graph-transformer embedding dimension 206
feat_207,float,,Monroe stereochemistry-aware graph-transformer embedding dimension 207
feat_208,float,,Monroe stereochemistry-aware graph-transformer embedding dimension 208
feat_209,float,,Monroe stereochemistry-aware graph-transformer embedding dimension 209
feat_210,float,,Monroe stereochemistry-aware graph-transformer embedding dimension 210
feat_211,float,,Monroe stereochemistry-aware graph-transformer embedding dimension 211
feat_212,float,,Monroe stereochemistry-aware graph-transformer embedding dimension 212
feat_213,float,,Monroe stereochemistry-aware graph-transformer embedding dimension 213
feat_214,float,,Monroe stereochemistry-aware graph-transformer embedding dimension 214
feat_215,float,,Monroe stereochemistry-aware graph-transformer embedding dimension 215
feat_216,float,,Monroe stereochemistry-aware graph-transformer embedding dimension 216
feat_217,float,,Monroe stereochemistry-aware graph-transformer embedding dimension 217
feat_218,float,,Monroe stereochemistry-aware graph-transformer embedding dimension 218
feat_219,float,,Monroe stereochemistry-aware graph-transformer embedding dimension 219
feat_220,float,,Monroe stereochemistry-aware graph-transformer embedding dimension 220
feat_221,float,,Monroe stereochemistry-aware graph-transformer embedding dimension 221
feat_222,float,,Monroe stereochemistry-aware graph-transformer embedding dimension 222
feat_223,float,,Monroe stereochemistry-aware graph-transformer embedding dimension 223
feat_224,float,,Monroe stereochemistry-aware graph-transformer embedding dimension 224
feat_225,float,,Monroe stereochemistry-aware graph-transformer embedding dimension 225
feat_226,float,,Monroe stereochemistry-aware graph-transformer embedding dimension 226
feat_227,float,,Monroe stereochemistry-aware graph-transformer embedding dimension 227
feat_228,float,,Monroe stereochemistry-aware graph-transformer embedding dimension 228
feat_229,float,,Monroe stereochemistry-aware graph-transformer embedding dimension 229
feat_230,float,,Monroe stereochemistry-aware graph-transformer embedding dimension 230
feat_231,float,,Monroe stereochemistry-aware graph-transformer embedding dimension 231
feat_232,float,,Monroe stereochemistry-aware graph-transformer embedding dimension 232
feat_233,float,,Monroe stereochemistry-aware graph-transformer embedding dimension 233
feat_234,float,,Monroe stereochemistry-aware graph-transformer embedding dimension 234
feat_235,float,,Monroe stereochemistry-aware graph-transformer embedding dimension 235
feat_236,float,,Monroe stereochemistry-aware graph-transformer embedding dimension 236
feat_237,float,,Monroe stereochemistry-aware graph-transformer embedding dimension 237
feat_238,float,,Monroe stereochemistry-aware graph-transformer embedding dimension 238
feat_239,float,,Monroe stereochemistry-aware graph-transformer embedding dimension 239
feat_240,float,,Monroe stereochemistry-aware graph-transformer embedding dimension 240
feat_241,float,,Monroe stereochemistry-aware graph-transformer embedding dimension 241
feat_242,float,,Monroe stereochemistry-aware graph-transformer embedding dimension 242
feat_243,float,,Monroe stereochemistry-aware graph-transformer embedding dimension 243
feat_244,float,,Monroe stereochemistry-aware graph-transformer embedding dimension 244
feat_245,float,,Monroe stereochemistry-aware graph-transformer embedding dimension 245
feat_246,float,,Monroe stereochemistry-aware graph-transformer embedding dimension 246
feat_247,float,,Monroe stereochemistry-aware graph-transformer embedding dimension 247
feat_248,float,,Monroe stereochemistry-aware graph-transformer embedding dimension 248
feat_249,float,,Monroe stereochemistry-aware graph-transformer embedding dimension 249
feat_250,float,,Monroe stereochemistry-aware graph-transformer embedding dimension 250
feat_251,float,,Monroe stereochemistry-aware graph-transformer embedding dimension 251
feat_252,float,,Monroe stereochemistry-aware graph-transformer embedding dimension 252
feat_253,float,,Monroe stereochemistry-aware graph-transformer embedding dimension 253
feat_254,float,,Monroe stereochemistry-aware graph-transformer embedding dimension 254
feat_255,float,,Monroe stereochemistry-aware graph-transformer embedding dimension 255
feat_256,float,,Monroe stereochemistry-aware graph-transformer embedding dimension 256
feat_257,float,,Monroe stereochemistry-aware graph-transformer embedding dimension 257
feat_258,float,,Monroe stereochemistry-aware graph-transformer embedding dimension 258
feat_259,float,,Monroe stereochemistry-aware graph-transformer embedding dimension 259
feat_260,float,,Monroe stereochemistry-aware graph-transformer embedding dimension 260
feat_261,float,,Monroe stereochemistry-aware graph-transformer embedding dimension 261
feat_262,float,,Monroe stereochemistry-aware graph-transformer embedding dimension 262
feat_263,float,,Monroe stereochemistry-aware graph-transformer embedding dimension 263
feat_264,float,,Monroe stereochemistry-aware graph-transformer embedding dimension 264
feat_265,float,,Monroe stereochemistry-aware graph-transformer embedding dimension 265
feat_266,float,,Monroe stereochemistry-aware graph-transformer embedding dimension 266
feat_267,float,,Monroe stereochemistry-aware graph-transformer embedding dimension 267
feat_268,float,,Monroe stereochemistry-aware graph-transformer embedding dimension 268
feat_269,float,,Monroe stereochemistry-aware graph-transformer embedding dimension 269
feat_270,float,,Monroe stereochemistry-aware graph-transformer embedding dimension 270
feat_271,float,,Monroe stereochemistry-aware graph-transformer embedding dimension 271
feat_272,float,,Monroe stereochemistry-aware graph-transformer embedding dimension 272
feat_273,float,,Monroe stereochemistry-aware graph-transformer embedding dimension 273
feat_274,float,,Monroe stereochemistry-aware graph-transformer embedding dimension 274
feat_275,float,,Monroe stereochemistry-aware graph-transformer embedding dimension 275
feat_276,float,,Monroe stereochemistry-aware graph-transformer embedding dimension 276
feat_277,float,,Monroe stereochemistry-aware graph-transformer embedding dimension 277
feat_278,float,,Monroe stereochemistry-aware graph-transformer embedding dimension 278
feat_279,float,,Monroe stereochemistry-aware graph-transformer embedding dimension 279
feat_280,float,,Monroe stereochemistry-aware graph-transformer embedding dimension 280
feat_281,float,,Monroe stereochemistry-aware graph-transformer embedding dimension 281
feat_282,float,,Monroe stereochemistry-aware graph-transformer embedding dimension 282
feat_283,float,,Monroe stereochemistry-aware graph-transformer embedding dimension 283
feat_284,float,,Monroe stereochemistry-aware graph-transformer embedding dimension 284
feat_285,float,,Monroe stereochemistry-aware graph-transformer embedding dimension 285
feat_286,float,,Monroe stereochemistry-aware graph-transformer embedding dimension 286
feat_287,float,,Monroe stereochemistry-aware graph-transformer embedding dimension 287
feat_288,float,,Monroe stereochemistry-aware graph-transformer embedding dimension 288
feat_289,float,,Monroe stereochemistry-aware graph-transformer embedding dimension 289
feat_290,float,,Monroe stereochemistry-aware graph-transformer embedding dimension 290
feat_291,float,,Monroe stereochemistry-aware graph-transformer embedding dimension 291
feat_292,float,,Monroe stereochemistry-aware graph-transformer embedding dimension 292
feat_293,float,,Monroe stereochemistry-aware graph-transformer embedding dimension 293
feat_294,float,,Monroe stereochemistry-aware graph-transformer embedding dimension 294
feat_295,float,,Monroe stereochemistry-aware graph-transformer embedding dimension 295
feat_296,float,,Monroe stereochemistry-aware graph-transformer embedding dimension 296
feat_297,float,,Monroe stereochemistry-aware graph-transformer embedding dimension 297
feat_298,float,,Monroe stereochemistry-aware graph-transformer embedding dimension 298
feat_299,float,,Monroe stereochemistry-aware graph-transformer embedding dimension 299
feat_300,float,,Monroe stereochemistry-aware graph-transformer embedding dimension 300
feat_301,float,,Monroe stereochemistry-aware graph-transformer embedding dimension 301
feat_302,float,,Monroe stereochemistry-aware graph-transformer embedding dimension 302
feat_303,float,,Monroe stereochemistry-aware graph-transformer embedding dimension 303
feat_304,float,,Monroe stereochemistry-aware graph-transformer embedding dimension 304
feat_305,float,,Monroe stereochemistry-aware graph-transformer embedding dimension 305
feat_306,float,,Monroe stereochemistry-aware graph-transformer embedding dimension 306
feat_307,float,,Monroe stereochemistry-aware graph-transformer embedding dimension 307
feat_308,float,,Monroe stereochemistry-aware graph-transformer embedding dimension 308
feat_309,float,,Monroe stereochemistry-aware graph-transformer embedding dimension 309
feat_310,float,,Monroe stereochemistry-aware graph-transformer embedding dimension 310
feat_311,float,,Monroe stereochemistry-aware graph-transformer embedding dimension 311
feat_312,float,,Monroe stereochemistry-aware graph-transformer embedding dimension 312
feat_313,float,,Monroe stereochemistry-aware graph-transformer embedding dimension 313
feat_314,float,,Monroe stereochemistry-aware graph-transformer embedding dimension 314
feat_315,float,,Monroe stereochemistry-aware graph-transformer embedding dimension 315
feat_316,float,,Monroe stereochemistry-aware graph-transformer embedding dimension 316
feat_317,float,,Monroe stereochemistry-aware graph-transformer embedding dimension 317
feat_318,float,,Monroe stereochemistry-aware graph-transformer embedding dimension 318
feat_319,float,,Monroe stereochemistry-aware graph-transformer embedding dimension 319
feat_320,float,,Monroe stereochemistry-aware graph-transformer embedding dimension 320
feat_321,float,,Monroe stereochemistry-aware graph-transformer embedding dimension 321
feat_322,float,,Monroe stereochemistry-aware graph-transformer embedding dimension 322
feat_323,float,,Monroe stereochemistry-aware graph-transformer embedding dimension 323
feat_324,float,,Monroe stereochemistry-aware graph-transformer embedding dimension 324
feat_325,float,,Monroe stereochemistry-aware graph-transformer embedding dimension 325
feat_326,float,,Monroe stereochemistry-aware graph-transformer embedding dimension 326
feat_327,float,,Monroe stereochemistry-aware graph-transformer embedding dimension 327
feat_328,float,,Monroe stereochemistry-aware graph-transformer embedding dimension 328
feat_329,float,,Monroe stereochemistry-aware graph-transformer embedding dimension 329
feat_330,float,,Monroe stereochemistry-aware graph-transformer embedding dimension 330
feat_331,float,,Monroe stereochemistry-aware graph-transformer embedding dimension 331
feat_332,float,,Monroe stereochemistry-aware graph-transformer embedding dimension 332
feat_333,float,,Monroe stereochemistry-aware graph-transformer embedding dimension 333
feat_334,float,,Monroe stereochemistry-aware graph-transformer embedding dimension 334
feat_335,float,,Monroe stereochemistry-aware graph-transformer embedding dimension 335
feat_336,float,,Monroe stereochemistry-aware graph-transformer embedding dimension 336
feat_337,float,,Monroe stereochemistry-aware graph-transformer embedding dimension 337
feat_338,float,,Monroe stereochemistry-aware graph-transformer embedding dimension 338
feat_339,float,,Monroe stereochemistry-aware graph-transformer embedding dimension 339
feat_340,float,,Monroe stereochemistry-aware graph-transformer embedding dimension 340
feat_341,float,,Monroe stereochemistry-aware graph-transformer embedding dimension 341
feat_342,float,,Monroe stereochemistry-aware graph-transformer embedding dimension 342
feat_343,float,,Monroe stereochemistry-aware graph-transformer embedding dimension 343
feat_344,float,,Monroe stereochemistry-aware graph-transformer embedding dimension 344
feat_345,float,,Monroe stereochemistry-aware graph-transformer embedding dimension 345
feat_346,float,,Monroe stereochemistry-aware graph-transformer embedding dimension 346
feat_347,float,,Monroe stereochemistry-aware graph-transformer embedding dimension 347
feat_348,float,,Monroe stereochemistry-aware graph-transformer embedding dimension 348
feat_349,float,,Monroe stereochemistry-aware graph-transformer embedding dimension 349
feat_350,float,,Monroe stereochemistry-aware graph-transformer embedding dimension 350
feat_351,float,,Monroe stereochemistry-aware graph-transformer embedding dimension 351
feat_352,float,,Monroe stereochemistry-aware graph-transformer embedding dimension 352
feat_353,float,,Monroe stereochemistry-aware graph-transformer embedding dimension 353
feat_354,float,,Monroe stereochemistry-aware graph-transformer embedding dimension 354
feat_355,float,,Monroe stereochemistry-aware graph-transformer embedding dimension 355
feat_356,float,,Monroe stereochemistry-aware graph-transformer embedding dimension 356
feat_357,float,,Monroe stereochemistry-aware graph-transformer embedding dimension 357
feat_358,float,,Monroe stereochemistry-aware graph-transformer embedding dimension 358
feat_359,float,,Monroe stereochemistry-aware graph-transformer embedding dimension 359
feat_360,float,,Monroe stereochemistry-aware graph-transformer embedding dimension 360
feat_361,float,,Monroe stereochemistry-aware graph-transformer embedding dimension 361
feat_362,float,,Monroe stereochemistry-aware graph-transformer embedding dimension 362
feat_363,float,,Monroe stereochemistry-aware graph-transformer embedding dimension 363
feat_364,float,,Monroe stereochemistry-aware graph-transformer embedding dimension 364
feat_365,float,,Monroe stereochemistry-aware graph-transformer embedding dimension 365
feat_366,float,,Monroe stereochemistry-aware graph-transformer embedding dimension 366
feat_367,float,,Monroe stereochemistry-aware graph-transformer embedding dimension 367
feat_368,float,,Monroe stereochemistry-aware graph-transformer embedding dimension 368
feat_369,float,,Monroe stereochemistry-aware graph-transformer embedding dimension 369
feat_370,float,,Monroe stereochemistry-aware graph-transformer embedding dimension 370
feat_371,float,,Monroe stereochemistry-aware graph-transformer embedding dimension 371
feat_372,float,,Monroe stereochemistry-aware graph-transformer embedding dimension 372
feat_373,float,,Monroe stereochemistry-aware graph-transformer embedding dimension 373
feat_374,float,,Monroe stereochemistry-aware graph-transformer embedding dimension 374
feat_375,float,,Monroe stereochemistry-aware graph-transformer embedding dimension 375
feat_376,float,,Monroe stereochemistry-aware graph-transformer embedding dimension 376
feat_377,float,,Monroe stereochemistry-aware graph-transformer embedding dimension 377
feat_378,float,,Monroe stereochemistry-aware graph-transformer embedding dimension 378
feat_379,float,,Monroe stereochemistry-aware graph-transformer embedding dimension 379
feat_380,float,,Monroe stereochemistry-aware graph-transformer embedding dimension 380
feat_381,float,,Monroe stereochemistry-aware graph-transformer embedding dimension 381
feat_382,float,,Monroe stereochemistry-aware graph-transformer embedding dimension 382
feat_383,float,,Monroe stereochemistry-aware graph-transformer embedding dimension 383
feat_384,float,,Monroe stereochemistry-aware graph-transformer embedding dimension 384
feat_385,float,,Monroe stereochemistry-aware graph-transformer embedding dimension 385
feat_386,float,,Monroe stereochemistry-aware graph-transformer embedding dimension 386
feat_387,float,,Monroe stereochemistry-aware graph-transformer embedding dimension 387
feat_388,float,,Monroe stereochemistry-aware graph-transformer embedding dimension 388
feat_389,float,,Monroe stereochemistry-aware graph-transformer embedding dimension 389
feat_390,float,,Monroe stereochemistry-aware graph-transformer embedding dimension 390
feat_391,float,,Monroe stereochemistry-aware graph-transformer embedding dimension 391
feat_392,float,,Monroe stereochemistry-aware graph-transformer embedding dimension 392
feat_393,float,,Monroe stereochemistry-aware graph-transformer embedding dimension 393
feat_394,float,,Monroe stereochemistry-aware graph-transformer embedding dimension 394
feat_395,float,,Monroe stereochemistry-aware graph-transformer embedding dimension 395
feat_396,float,,Monroe stereochemistry-aware graph-transformer embedding dimension 396
feat_397,float,,Monroe stereochemistry-aware graph-transformer embedding dimension 397
feat_398,float,,Monroe stereochemistry-aware graph-transformer embedding dimension 398
feat_399,float,,Monroe stereochemistry-aware graph-transformer embedding dimension 399
feat_400,float,,Monroe stereochemistry-aware graph-transformer embedding dimension 400
feat_401,float,,Monroe stereochemistry-aware graph-transformer embedding dimension 401
feat_402,float,,Monroe stereochemistry-aware graph-transformer embedding dimension 402
feat_403,float,,Monroe stereochemistry-aware graph-transformer embedding dimension 403
feat_404,float,,Monroe stereochemistry-aware graph-transformer embedding dimension 404
feat_405,float,,Monroe stereochemistry-aware graph-transformer embedding dimension 405
feat_406,float,,Monroe stereochemistry-aware graph-transformer embedding dimension 406
feat_407,float,,Monroe stereochemistry-aware graph-transformer embedding dimension 407
feat_408,float,,Monroe stereochemistry-aware graph-transformer embedding dimension 408
feat_409,float,,Monroe stereochemistry-aware graph-transformer embedding dimension 409
feat_410,float,,Monroe stereochemistry-aware graph-transformer embedding dimension 410
feat_411,float,,Monroe stereochemistry-aware graph-transformer embedding dimension 411
feat_412,float,,Monroe stereochemistry-aware graph-transformer embedding dimension 412
feat_413,float,,Monroe stereochemistry-aware graph-transformer embedding dimension 413
feat_414,float,,Monroe stereochemistry-aware graph-transformer embedding dimension 414
feat_415,float,,Monroe stereochemistry-aware graph-transformer embedding dimension 415
feat_416,float,,Monroe stereochemistry-aware graph-transformer embedding dimension 416
feat_417,float,,Monroe stereochemistry-aware graph-transformer embedding dimension 417
feat_418,float,,Monroe stereochemistry-aware graph-transformer embedding dimension 418
feat_419,float,,Monroe stereochemistry-aware graph-transformer embedding dimension 419
feat_420,float,,Monroe stereochemistry-aware graph-transformer embedding dimension 420
feat_421,float,,Monroe stereochemistry-aware graph-transformer embedding dimension 421
feat_422,float,,Monroe stereochemistry-aware graph-transformer embedding dimension 422
feat_423,float,,Monroe stereochemistry-aware graph-transformer embedding dimension 423
feat_424,float,,Monroe stereochemistry-aware graph-transformer embedding dimension 424
feat_425,float,,Monroe stereochemistry-aware graph-transformer embedding dimension 425
feat_426,float,,Monroe stereochemistry-aware graph-transformer embedding dimension 426
feat_427,float,,Monroe stereochemistry-aware graph-transformer embedding dimension 427
feat_428,float,,Monroe stereochemistry-aware graph-transformer embedding dimension 428
feat_429,float,,Monroe stereochemistry-aware graph-transformer embedding dimension 429
feat_430,float,,Monroe stereochemistry-aware graph-transformer embedding dimension 430
feat_431,float,,Monroe stereochemistry-aware graph-transformer embedding dimension 431
feat_432,float,,Monroe stereochemistry-aware graph-transformer embedding dimension 432
feat_433,float,,Monroe stereochemistry-aware graph-transformer embedding dimension 433
feat_434,float,,Monroe stereochemistry-aware graph-transformer embedding dimension 434
feat_435,float,,Monroe stereochemistry-aware graph-transformer embedding dimension 435
feat_436,float,,Monroe stereochemistry-aware graph-transformer embedding dimension 436
feat_437,float,,Monroe stereochemistry-aware graph-transformer embedding dimension 437
feat_438,float,,Monroe stereochemistry-aware graph-transformer embedding dimension 438
feat_439,float,,Monroe stereochemistry-aware graph-transformer embedding dimension 439
feat_440,float,,Monroe stereochemistry-aware graph-transformer embedding dimension 440
feat_441,float,,Monroe stereochemistry-aware graph-transformer embedding dimension 441
feat_442,float,,Monroe stereochemistry-aware graph-transformer embedding dimension 442
feat_443,float,,Monroe stereochemistry-aware graph-transformer embedding dimension 443
feat_444,float,,Monroe stereochemistry-aware graph-transformer embedding dimension 444
feat_445,float,,Monroe stereochemistry-aware graph-transformer embedding dimension 445
feat_446,float,,Monroe stereochemistry-aware graph-transformer embedding dimension 446
feat_447,float,,Monroe stereochemistry-aware graph-transformer embedding dimension 447
feat_448,float,,Monroe stereochemistry-aware graph-transformer embedding dimension 448
feat_449,float,,Monroe stereochemistry-aware graph-transformer embedding dimension 449
feat_450,float,,Monroe stereochemistry-aware graph-transformer embedding dimension 450
feat_451,float,,Monroe stereochemistry-aware graph-transformer embedding dimension 451
feat_452,float,,Monroe stereochemistry-aware graph-transformer embedding dimension 452
feat_453,float,,Monroe stereochemistry-aware graph-transformer embedding dimension 453
feat_454,float,,Monroe stereochemistry-aware graph-transformer embedding dimension 454
feat_455,float,,Monroe stereochemistry-aware graph-transformer embedding dimension 455
feat_456,float,,Monroe stereochemistry-aware graph-transformer embedding dimension 456
feat_457,float,,Monroe stereochemistry-aware graph-transformer embedding dimension 457
feat_458,float,,Monroe stereochemistry-aware graph-transformer embedding dimension 458
feat_459,float,,Monroe stereochemistry-aware graph-transformer embedding dimension 459
feat_460,float,,Monroe stereochemistry-aware graph-transformer embedding dimension 460
feat_461,float,,Monroe stereochemistry-aware graph-transformer embedding dimension 461
feat_462,float,,Monroe stereochemistry-aware graph-transformer embedding dimension 462
feat_463,float,,Monroe stereochemistry-aware graph-transformer embedding dimension 463
feat_464,float,,Monroe stereochemistry-aware graph-transformer embedding dimension 464
feat_465,float,,Monroe stereochemistry-aware graph-transformer embedding dimension 465
feat_466,float,,Monroe stereochemistry-aware graph-transformer embedding dimension 466
feat_467,float,,Monroe stereochemistry-aware graph-transformer embedding dimension 467
feat_468,float,,Monroe stereochemistry-aware graph-transformer embedding dimension 468
feat_469,float,,Monroe stereochemistry-aware graph-transformer embedding dimension 469
feat_470,float,,Monroe stereochemistry-aware graph-transformer embedding dimension 470
feat_471,float,,Monroe stereochemistry-aware graph-transformer embedding dimension 471
feat_472,float,,Monroe stereochemistry-aware graph-transformer embedding dimension 472
feat_473,float,,Monroe stereochemistry-aware graph-transformer embedding dimension 473
feat_474,float,,Monroe stereochemistry-aware graph-transformer embedding dimension 474
feat_475,float,,Monroe stereochemistry-aware graph-transformer embedding dimension 475
feat_476,float,,Monroe stereochemistry-aware graph-transformer embedding dimension 476
feat_477,float,,Monroe stereochemistry-aware graph-transformer embedding dimension 477
feat_478,float,,Monroe stereochemistry-aware graph-transformer embedding dimension 478
feat_479,float,,Monroe stereochemistry-aware graph-transformer embedding dimension 479
feat_480,float,,Monroe stereochemistry-aware graph-transformer embedding dimension 480
feat_481,float,,Monroe stereochemistry-aware graph-transformer embedding dimension 481
feat_482,float,,Monroe stereochemistry-aware graph-transformer embedding dimension 482
feat_483,float,,Monroe stereochemistry-aware graph-transformer embedding dimension 483
feat_484,float,,Monroe stereochemistry-aware graph-transformer embedding dimension 484
feat_485,float,,Monroe stereochemistry-aware graph-transformer embedding dimension 485
feat_486,float,,Monroe stereochemistry-aware graph-transformer embedding dimension 486
feat_487,float,,Monroe stereochemistry-aware graph-transformer embedding dimension 487
feat_488,float,,Monroe stereochemistry-aware graph-transformer embedding dimension 488
feat_489,float,,Monroe stereochemistry-aware graph-transformer embedding dimension 489
feat_490,float,,Monroe stereochemistry-aware graph-transformer embedding dimension 490
feat_491,float,,Monroe stereochemistry-aware graph-transformer embedding dimension 491
feat_492,float,,Monroe stereochemistry-aware graph-transformer embedding dimension 492
feat_493,float,,Monroe stereochemistry-aware graph-transformer embedding dimension 493
feat_494,float,,Monroe stereochemistry-aware graph-transformer embedding dimension 494
feat_495,float,,Monroe stereochemistry-aware graph-transformer embedding dimension 495
feat_496,float,,Monroe stereochemistry-aware graph-transformer embedding dimension 496
feat_497,float,,Monroe stereochemistry-aware graph-transformer embedding dimension 497
feat_498,float,,Monroe stereochemistry-aware graph-transformer embedding dimension 498
feat_499,float,,Monroe stereochemistry-aware graph-transformer embedding dimension 499
feat_500,float,,Monroe stereochemistry-aware graph-transformer embedding dimension 500
feat_501,float,,Monroe stereochemistry-aware graph-transformer embedding dimension 501
feat_502,float,,Monroe stereochemistry-aware graph-transformer embedding dimension 502
feat_503,float,,Monroe stereochemistry-aware graph-transformer embedding dimension 503
feat_504,float,,Monroe stereochemistry-aware graph-transformer embedding dimension 504
feat_505,float,,Monroe stereochemistry-aware graph-transformer embedding dimension 505
feat_506,float,,Monroe stereochemistry-aware graph-transformer embedding dimension 506
feat_507,float,,Monroe stereochemistry-aware graph-transformer embedding dimension 507
feat_508,float,,Monroe stereochemistry-aware graph-transformer embedding dimension 508
feat_509,float,,Monroe stereochemistry-aware graph-transformer embedding dimension 509
feat_510,float,,Monroe stereochemistry-aware graph-transformer embedding dimension 510
feat_511,float,,Monroe stereochemistry-aware graph-transformer embedding dimension 511
feat_512,float,,Monroe stereochemistry-aware graph-transformer embedding dimension 512
feat_513,float,,Monroe stereochemistry-aware graph-transformer embedding dimension 513
feat_514,float,,Monroe stereochemistry-aware graph-transformer embedding dimension 514
feat_515,float,,Monroe stereochemistry-aware graph-transformer embedding dimension 515
feat_516,float,,Monroe stereochemistry-aware graph-transformer embedding dimension 516
feat_517,float,,Monroe stereochemistry-aware graph-transformer embedding dimension 517
feat_518,float,,Monroe stereochemistry-aware graph-transformer embedding dimension 518
feat_519,float,,Monroe stereochemistry-aware graph-transformer embedding dimension 519
feat_520,float,,Monroe stereochemistry-aware graph-transformer embedding dimension 520
feat_521,float,,Monroe stereochemistry-aware graph-transformer embedding dimension 521
feat_522,float,,Monroe stereochemistry-aware graph-transformer embedding dimension 522
feat_523,float,,Monroe stereochemistry-aware graph-transformer embedding dimension 523
feat_524,float,,Monroe stereochemistry-aware graph-transformer embedding dimension 524
feat_525,float,,Monroe stereochemistry-aware graph-transformer embedding dimension 525
feat_526,float,,Monroe stereochemistry-aware graph-transformer embedding dimension 526
feat_527,float,,Monroe stereochemistry-aware graph-transformer embedding dimension 527
feat_528,float,,Monroe stereochemistry-aware graph-transformer embedding dimension 528
feat_529,float,,Monroe stereochemistry-aware graph-transformer embedding dimension 529
feat_530,float,,Monroe stereochemistry-aware graph-transformer embedding dimension 530
feat_531,float,,Monroe stereochemistry-aware graph-transformer embedding dimension 531
feat_532,float,,Monroe stereochemistry-aware graph-transformer embedding dimension 532
feat_533,float,,Monroe stereochemistry-aware graph-transformer embedding dimension 533
feat_534,float,,Monroe stereochemistry-aware graph-transformer embedding dimension 534
feat_535,float,,Monroe stereochemistry-aware graph-transformer embedding dimension 535
feat_536,float,,Monroe stereochemistry-aware graph-transformer embedding dimension 536
feat_537,float,,Monroe stereochemistry-aware graph-transformer embedding dimension 537
feat_538,float,,Monroe stereochemistry-aware graph-transformer embedding dimension 538
feat_539,float,,Monroe stereochemistry-aware graph-transformer embedding dimension 539
feat_540,float,,Monroe stereochemistry-aware graph-transformer embedding dimension 540
feat_541,float,,Monroe stereochemistry-aware graph-transformer embedding dimension 541
feat_542,float,,Monroe stereochemistry-aware graph-transformer embedding dimension 542
feat_543,float,,Monroe stereochemistry-aware graph-transformer embedding dimension 543
feat_544,float,,Monroe stereochemistry-aware graph-transformer embedding dimension 544
feat_545,float,,Monroe stereochemistry-aware graph-transformer embedding dimension 545
feat_546,float,,Monroe stereochemistry-aware graph-transformer embedding dimension 546
feat_547,float,,Monroe stereochemistry-aware graph-transformer embedding dimension 547
feat_548,float,,Monroe stereochemistry-aware graph-transformer embedding dimension 548
feat_549,float,,Monroe stereochemistry-aware graph-transformer embedding dimension 549
feat_550,float,,Monroe stereochemistry-aware graph-transformer embedding dimension 550
feat_551,float,,Monroe stereochemistry-aware graph-transformer embedding dimension 551
feat_552,float,,Monroe stereochemistry-aware graph-transformer embedding dimension 552
feat_553,float,,Monroe stereochemistry-aware graph-transformer embedding dimension 553
feat_554,float,,Monroe stereochemistry-aware graph-transformer embedding dimension 554
feat_555,float,,Monroe stereochemistry-aware graph-transformer embedding dimension 555
feat_556,float,,Monroe stereochemistry-aware graph-transformer embedding dimension 556
feat_557,float,,Monroe stereochemistry-aware graph-transformer embedding dimension 557
feat_558,float,,Monroe stereochemistry-aware graph-transformer embedding dimension 558
feat_559,float,,Monroe stereochemistry-aware graph-transformer embedding dimension 559
feat_560,float,,Monroe stereochemistry-aware graph-transformer embedding dimension 560
feat_561,float,,Monroe stereochemistry-aware graph-transformer embedding dimension 561
feat_562,float,,Monroe stereochemistry-aware graph-transformer embedding dimension 562
feat_563,float,,Monroe stereochemistry-aware graph-transformer embedding dimension 563
feat_564,float,,Monroe stereochemistry-aware graph-transformer embedding dimension 564
feat_565,float,,Monroe stereochemistry-aware graph-transformer embedding dimension 565
feat_566,float,,Monroe stereochemistry-aware graph-transformer embedding dimension 566
feat_567,float,,Monroe stereochemistry-aware graph-transformer embedding dimension 567
feat_568,float,,Monroe stereochemistry-aware graph-transformer embedding dimension 568
feat_569,float,,Monroe stereochemistry-aware graph-transformer embedding dimension 569
feat_570,float,,Monroe stereochemistry-aware graph-transformer embedding dimension 570
feat_571,float,,Monroe stereochemistry-aware graph-transformer embedding dimension 571
feat_572,float,,Monroe stereochemistry-aware graph-transformer embedding dimension 572
feat_573,float,,Monroe stereochemistry-aware graph-transformer embedding dimension 573
feat_574,float,,Monroe stereochemistry-aware graph-transformer embedding dimension 574
feat_575,float,,Monroe stereochemistry-aware graph-transformer embedding dimension 575
feat_576,float,,Monroe stereochemistry-aware graph-transformer embedding dimension 576
feat_577,float,,Monroe stereochemistry-aware graph-transformer embedding dimension 577
feat_578,float,,Monroe stereochemistry-aware graph-transformer embedding dimension 578
feat_579,float,,Monroe stereochemistry-aware graph-transformer embedding dimension 579
feat_580,float,,Monroe stereochemistry-aware graph-transformer embedding dimension 580
feat_581,float,,Monroe stereochemistry-aware graph-transformer embedding dimension 581
feat_582,float,,Monroe stereochemistry-aware graph-transformer embedding dimension 582
feat_583,float,,Monroe stereochemistry-aware graph-transformer embedding dimension 583
feat_584,float,,Monroe stereochemistry-aware graph-transformer embedding dimension 584
feat_585,float,,Monroe stereochemistry-aware graph-transformer embedding dimension 585
feat_586,float,,Monroe stereochemistry-aware graph-transformer embedding dimension 586
feat_587,float,,Monroe stereochemistry-aware graph-transformer embedding dimension 587
feat_588,float,,Monroe stereochemistry-aware graph-transformer embedding dimension 588
feat_589,float,,Monroe stereochemistry-aware graph-transformer embedding dimension 589
feat_590,float,,Monroe stereochemistry-aware graph-transformer embedding dimension 590
feat_591,float,,Monroe stereochemistry-aware graph-transformer embedding dimension 591
feat_592,float,,Monroe stereochemistry-aware graph-transformer embedding dimension 592
feat_593,float,,Monroe stereochemistry-aware graph-transformer embedding dimension 593
feat_594,float,,Monroe stereochemistry-aware graph-transformer embedding dimension 594
feat_595,float,,Monroe stereochemistry-aware graph-transformer embedding dimension 595
feat_596,float,,Monroe stereochemistry-aware graph-transformer embedding dimension 596
feat_597,float,,Monroe stereochemistry-aware graph-transformer embedding dimension 597
feat_598,float,,Monroe stereochemistry-aware graph-transformer embedding dimension 598
feat_599,float,,Monroe stereochemistry-aware graph-transformer embedding dimension 599
feat_600,float,,Monroe stereochemistry-aware graph-transformer embedding dimension 600
feat_601,float,,Monroe stereochemistry-aware graph-transformer embedding dimension 601
feat_602,float,,Monroe stereochemistry-aware graph-transformer embedding dimension 602
feat_603,float,,Monroe stereochemistry-aware graph-transformer embedding dimension 603
feat_604,float,,Monroe stereochemistry-aware graph-transformer embedding dimension 604
feat_605,float,,Monroe stereochemistry-aware graph-transformer embedding dimension 605
feat_606,float,,Monroe stereochemistry-aware graph-transformer embedding dimension 606
feat_607,float,,Monroe stereochemistry-aware graph-transformer embedding dimension 607
feat_608,float,,Monroe stereochemistry-aware graph-transformer embedding dimension 608
feat_609,float,,Monroe stereochemistry-aware graph-transformer embedding dimension 609
feat_610,float,,Monroe stereochemistry-aware graph-transformer embedding dimension 610
feat_611,float,,Monroe stereochemistry-aware graph-transformer embedding dimension 611
feat_612,float,,Monroe stereochemistry-aware graph-transformer embedding dimension 612
feat_613,float,,Monroe stereochemistry-aware graph-transformer embedding dimension 613
feat_614,float,,Monroe stereochemistry-aware graph-transformer embedding dimension 614
feat_615,float,,Monroe stereochemistry-aware graph-transformer embedding dimension 615
feat_616,float,,Monroe stereochemistry-aware graph-transformer embedding dimension 616
feat_617,float,,Monroe stereochemistry-aware graph-transformer embedding dimension 617
feat_618,float,,Monroe stereochemistry-aware graph-transformer embedding dimension 618
feat_619,float,,Monroe stereochemistry-aware graph-transformer embedding dimension 619
feat_620,float,,Monroe stereochemistry-aware graph-transformer embedding dimension 620
feat_621,float,,Monroe stereochemistry-aware graph-transformer embedding dimension 621
feat_622,float,,Monroe stereochemistry-aware graph-transformer embedding dimension 622
feat_623,float,,Monroe stereochemistry-aware graph-transformer embedding dimension 623
feat_624,float,,Monroe stereochemistry-aware graph-transformer embedding dimension 624
feat_625,float,,Monroe stereochemistry-aware graph-transformer embedding dimension 625
feat_626,float,,Monroe stereochemistry-aware graph-transformer embedding dimension 626
feat_627,float,,Monroe stereochemistry-aware graph-transformer embedding dimension 627
feat_628,float,,Monroe stereochemistry-aware graph-transformer embedding dimension 628
feat_629,float,,Monroe stereochemistry-aware graph-transformer embedding dimension 629
feat_630,float,,Monroe stereochemistry-aware graph-transformer embedding dimension 630
feat_631,float,,Monroe stereochemistry-aware graph-transformer embedding dimension 631
feat_632,float,,Monroe stereochemistry-aware graph-transformer embedding dimension 632
feat_633,float,,Monroe stereochemistry-aware graph-transformer embedding dimension 633
feat_634,float,,Monroe stereochemistry-aware graph-transformer embedding dimension 634
feat_635,float,,Monroe stereochemistry-aware graph-transformer embedding dimension 635
feat_636,float,,Monroe stereochemistry-aware graph-transformer embedding dimension 636
feat_637,float,,Monroe stereochemistry-aware graph-transformer embedding dimension 637
feat_638,float,,Monroe stereochemistry-aware graph-transformer embedding dimension 638
feat_639,float,,Monroe stereochemistry-aware graph-transformer embedding dimension 639
feat_640,float,,Monroe stereochemistry-aware graph-transformer embedding dimension 640
feat_641,float,,Monroe stereochemistry-aware graph-transformer embedding dimension 641
feat_642,float,,Monroe stereochemistry-aware graph-transformer embedding dimension 642
feat_643,float,,Monroe stereochemistry-aware graph-transformer embedding dimension 643
feat_644,float,,Monroe stereochemistry-aware graph-transformer embedding dimension 644
feat_645,float,,Monroe stereochemistry-aware graph-transformer embedding dimension 645
feat_646,float,,Monroe stereochemistry-aware graph-transformer embedding dimension 646
feat_647,float,,Monroe stereochemistry-aware graph-transformer embedding dimension 647
feat_648,float,,Monroe stereochemistry-aware graph-transformer embedding dimension 648
feat_649,float,,Monroe stereochemistry-aware graph-transformer embedding dimension 649
feat_650,float,,Monroe stereochemistry-aware graph-transformer embedding dimension 650
feat_651,float,,Monroe stereochemistry-aware graph-transformer embedding dimension 651
feat_652,float,,Monroe stereochemistry-aware graph-transformer embedding dimension 652
feat_653,float,,Monroe stereochemistry-aware graph-transformer embedding dimension 653
feat_654,float,,Monroe stereochemistry-aware graph-transformer embedding dimension 654
feat_655,float,,Monroe stereochemistry-aware graph-transformer embedding dimension 655
feat_656,float,,Monroe stereochemistry-aware graph-transformer embedding dimension 656
feat_657,float,,Monroe stereochemistry-aware graph-transformer embedding dimension 657
feat_658,float,,Monroe stereochemistry-aware graph-transformer embedding dimension 658
feat_659,float,,Monroe stereochemistry-aware graph-transformer embedding dimension 659
feat_660,float,,Monroe stereochemistry-aware graph-transformer embedding dimension 660
feat_661,float,,Monroe stereochemistry-aware graph-transformer embedding dimension 661
feat_662,float,,Monroe stereochemistry-aware graph-transformer embedding dimension 662
feat_663,float,,Monroe stereochemistry-aware graph-transformer embedding dimension 663
feat_664,float,,Monroe stereochemistry-aware graph-transformer embedding dimension 664
feat_665,float,,Monroe stereochemistry-aware graph-transformer embedding dimension 665
feat_666,float,,Monroe stereochemistry-aware graph-transformer embedding dimension 666
feat_667,float,,Monroe stereochemistry-aware graph-transformer embedding dimension 667
feat_668,float,,Monroe stereochemistry-aware graph-transformer embedding dimension 668
feat_669,float,,Monroe stereochemistry-aware graph-transformer embedding dimension 669
feat_670,float,,Monroe stereochemistry-aware graph-transformer embedding dimension 670
feat_671,float,,Monroe stereochemistry-aware graph-transformer embedding dimension 671
feat_672,float,,Monroe stereochemistry-aware graph-transformer embedding dimension 672
feat_673,float,,Monroe stereochemistry-aware graph-transformer embedding dimension 673
feat_674,float,,Monroe stereochemistry-aware graph-transformer embedding dimension 674
feat_675,float,,Monroe stereochemistry-aware graph-transformer embedding dimension 675
feat_676,float,,Monroe stereochemistry-aware graph-transformer embedding dimension 676
feat_677,float,,Monroe stereochemistry-aware graph-transformer embedding dimension 677
feat_678,float,,Monroe stereochemistry-aware graph-transformer embedding dimension 678
feat_679,float,,Monroe stereochemistry-aware graph-transformer embedding dimension 679
feat_680,float,,Monroe stereochemistry-aware graph-transformer embedding dimension 680
feat_681,float,,Monroe stereochemistry-aware graph-transformer embedding dimension 681
feat_682,float,,Monroe stereochemistry-aware graph-transformer embedding dimension 682
feat_683,float,,Monroe stereochemistry-aware graph-transformer embedding dimension 683
feat_684,float,,Monroe stereochemistry-aware graph-transformer embedding dimension 684
feat_685,float,,Monroe stereochemistry-aware graph-transformer embedding dimension 685
feat_686,float,,Monroe stereochemistry-aware graph-transformer embedding dimension 686
feat_687,float,,Monroe stereochemistry-aware graph-transformer embedding dimension 687
feat_688,float,,Monroe stereochemistry-aware graph-transformer embedding dimension 688
feat_689,float,,Monroe stereochemistry-aware graph-transformer embedding dimension 689
feat_690,float,,Monroe stereochemistry-aware graph-transformer embedding dimension 690
feat_691,float,,Monroe stereochemistry-aware graph-transformer embedding dimension 691
feat_692,float,,Monroe stereochemistry-aware graph-transformer embedding dimension 692
feat_693,float,,Monroe stereochemistry-aware graph-transformer embedding dimension 693
feat_694,float,,Monroe stereochemistry-aware graph-transformer embedding dimension 694
feat_695,float,,Monroe stereochemistry-aware graph-transformer embedding dimension 695
feat_696,float,,Monroe stereochemistry-aware graph-transformer embedding dimension 696
feat_697,float,,Monroe stereochemistry-aware graph-transformer embedding dimension 697
feat_698,float,,Monroe stereochemistry-aware graph-transformer embedding dimension 698
feat_699,float,,Monroe stereochemistry-aware graph-transformer embedding dimension 699
feat_700,float,,Monroe stereochemistry-aware graph-transformer embedding dimension 700
feat_701,float,,Monroe stereochemistry-aware graph-transformer embedding dimension 701
feat_702,float,,Monroe stereochemistry-aware graph-transformer embedding dimension 702
feat_703,float,,Monroe stereochemistry-aware graph-transformer embedding dimension 703
feat_704,float,,Monroe stereochemistry-aware graph-transformer embedding dimension 704
feat_705,float,,Monroe stereochemistry-aware graph-transformer embedding dimension 705
feat_706,float,,Monroe stereochemistry-aware graph-transformer embedding dimension 706
feat_707,float,,Monroe stereochemistry-aware graph-transformer embedding dimension 707
feat_708,float,,Monroe stereochemistry-aware graph-transformer embedding dimension 708
feat_709,float,,Monroe stereochemistry-aware graph-transformer embedding dimension 709
feat_710,float,,Monroe stereochemistry-aware graph-transformer embedding dimension 710
feat_711,float,,Monroe stereochemistry-aware graph-transformer embedding dimension 711
feat_712,float,,Monroe stereochemistry-aware graph-transformer embedding dimension 712
feat_713,float,,Monroe stereochemistry-aware graph-transformer embedding dimension 713
feat_714,float,,Monroe stereochemistry-aware graph-transformer embedding dimension 714
feat_715,float,,Monroe stereochemistry-aware graph-transformer embedding dimension 715
feat_716,float,,Monroe stereochemistry-aware graph-transformer embedding dimension 716
feat_717,float,,Monroe stereochemistry-aware graph-transformer embedding dimension 717
feat_718,float,,Monroe stereochemistry-aware graph-transformer embedding dimension 718
feat_719,float,,Monroe stereochemistry-aware graph-transformer embedding dimension 719
